Workbook

Sheet Resumen Regional
A1: PAÍS | B1: SCORE TOTAL | C1: ESTADO
A2: Panamá | B2: ='Panamá'!D38 | C2: =IF(B2>=0.9,"🟢",IF(B2>=0.8,"🟡","🔴"))
A3: Venezuela | B3: ='Venezuela'!D14 | C3: =IF(B3>=0.9,"🟢",IF(B3>=0.8,"🟡","🔴"))
A4: Colombia | B4: ='Colombia'!D27 | C4: =IF(B4>=0.9,"🟢",IF(B4>=0.8,"🟡","🔴"))
A5: Guatemala | B5: ='Guatemala'!D28 | C5: =IF(B5>=0.9,"🟢",IF(B5>=0.8,"🟡","🔴"))
A6: Ecuador | B6: ='Ecuador'!D13 | C6: =IF(B6>=0.9,"🟢",IF(B6>=0.8,"🟡","🔴"))
A7: El Salvador | B7: ='El Salvador'!D13 | C7: =IF(B7>=0.9,"🟢",IF(B7>=0.8,"🟡","🔴"))
A8: Costa Rica | B8: ='Costa Rica'!D14 | C8: =IF(B8>=0.9,"🟢",IF(B8>=0.8,"🟡","🔴"))
A9: Nicaragua | B9: ='Nicaragua'!D14 | C9: =IF(B9>=0.9,"🟢",IF(B9>=0.8,"🟡","🔴"))
A11: PROMEDIO REGIONAL | B11: =AVERAGE(B2:B9) | C11: =IF(B11>=0.9,"🟢",IF(B11>=0.8,"🟡","🔴"))

Sheet Panamá
A1: PAÍS: | B1: PANAMÁ
A2: COORDINADOR: | B2: SABRINA BARONI
A3: MES / AÑO: | B3: MAYO
A5: EJECUTIVA 1: | B5: KATHERIN BERMUDEZ
A6: KPI | B6: META | C6: RESULTADO | D6: SCORE
A7: Cronograma diario | B7: 1 | C7: 0.9 | D7: =C7/B7
A8: Reporte de Gastos | B8: 1 | C8: 0.8 | D8: =C8/B8
A9: Base de datos clientes | B9: 1 | C9: 0.7 | D9: =C9/B9
A10: Inventario material POP y Muebles | B10: 1 | C10: 0.6 | D10: =C10/B10
A11: Seguimientos | B11: 1 | C11: 0.6 | D11: =C11/B11
A12: Cumplimineto de Tareas | B12: 1 | C12: 0.9 | D12: =C12/B12
A14: SCORE COORDINADOR | D14: =AVERAGE(D7:D12)
A17: EJECUTIVA 2: | B17: YAHAEL RECUERO
A18: KPI | B18: META | C18: RESULTADO | D18: SCORE
A19: Cronograma diario | B19: 1 | C19: 0.9 | D19: =C19/B19
A20: Reporte de Gastos | B20: 1 | C20: 0.8 | D20: =C20/B20
A21: Base de datos clientes | B21: 1 | C21: 0.7 | D21: =C21/B21
A22: Inventario material POP y Muebles | B22: 1 | C22: 0.7 | D22: =C22/B22
A23: Seguimientos | B23: 1 | C23: 0.9 | D23: =C23/B23
A24: Cumplimineto de Tareas | B24: 1 | C24: 0.8 | D24: 0.8
A25: SCORE EJECUTIVA 1 | D25: =AVERAGE(D19:D23)
A27: EJECUTIVO 3: | B27: LUISA CASTRELLÓN
A28: KPI | B28: META | C28: RESULTADO | D28: SCORE
A29: Cronograma diario | B29: 1 | C29: 0.9 | D29: =C29/B29
A30: Reporte de Gastos | B30: 1 | C30: 0.8 | D30: =C30/B30
A31: Base de datos clientes | B31: 1 | C31: 0.8 | D31: =C31/B31
A32: Inventario material POP y Muebles | B32: 1 | C32: 0.6 | D32: =C32/B32
A33: Seguimientos | B33: 1 | C33: 0.9 | D33: =C33/B33
A34: Cumplimineto de Tareas | B34: 1 | C34: 0.9
A35: SCORE EJECUTIVA 2 | D35: =AVERAGE(D29:D33)
A38: SCORE PAÍS PANAMÁ | D38: =AVERAGE(D14,D25,D35)

Sheet Venezuela
A1: PAÍS: | B1: VENEZUELA
A2: COORDINADOR: | B2: RODOLFO
A3: MES / AÑO: | B3: MAYO
A6: KPI | B6: META | C6: RESULTADO | D6: SCORE
A7: Cronograma diario | B7: 1 | C7: 0.6 | D7: =C7/B7 | F7: A la fecha, Rodolfo no lo llena desde abril
A8: Reporte de Gastos | B8: 1 | C8: 0.9 | D8: =C8/B8
A9: Base de datos clientes | B9: 1 | C9: 0.8 | D9: =C9/B9
A10: Inventario material POP y Muebles | B10: 1 | C10: 0.35 | D10: =C10/B10 | F10: Solo lo actualiza Angel
A11: Seguimientos | B11: 1 | C11: 0.5 | D11: =C11/B11
A12: Cumplimineto de Tareas | B12: 1 | C12: 0.85 | D12: =C12/B12
A14: SCORE COORDINADOR | D14: =AVERAGE(D7:D12)

Sheet Colombia
A1: PAÍS | B1: COLOMBIA
A2: COORDINADOR | B2: JOSÉ LOPEZ
A3: EJECUTIVO | B3: MATEO
A4: MES / AÑO
A6: KPI | B6: META | C6: RESULTADO | D6: SCORE
A7: Cronograma diario | B7: 1 | C7: 0.7 | D7: =C7/B7
A8: Reporte de Gastos | B8: 1 | C8: 0.9 | D8: =C8/B8
A9: Base de datos clientes | B9: 1 | C9: 0.9 | D9: =C9/B9
A10: Inventario material POP y Muebles | B10: 1 | C10: 0.5 | D10: =C10/B10
A11: Seguimientos | B11: 1 | C11: 0.9 | D11: =C11/B11
A12: Cumplimiento de Tareas | B12: 1 | C12: 0.8 | D12: =C12/B12
A13: SCORE JOSÉ | D13: =AVERAGE(D7:D12)
A17: KPI | B17: META | C17: RESULTADO | D17: SCORE
A18: Cronograma diario | B18: 1 | C18: 0.9 | D18: =C18/B18
A19: Reporte de Gastos | B19: 1 | C19: 0.9 | D19: =C19/B19
A20: Base de datos clientes | B20: 1 | C20: 0.5 | D20: =C20/B20
A21: Inventario material POP y Muebles | B21: 1 | C21: 0.5 | D21: =C21/B21
A22: Seguimientos | B22: 1 | C22: 0.9 | D22: =C22/B22
A23: Cumplimineto de Tareas | B23: 1 | C23: 0.8 | D23: =C23/B23
A24: SCORE MATEO | D24: =AVERAGE(D18:D23)
A27: SCORE PAÍS COLOMBIA | D27: =AVERAGE(D13,D24)

Sheet Guatemala
A1: PAÍS | B1: GUATEMALA
A2: EJECUTIVO | B2: WANDER CORADO
A3: EJECUTIVO | B3: MAURICIO
A4: MES / AÑO | B4: MAYO
A6: KPI | B6: META | C6: RESULTADO | D6: SCORE
A7: Cronograma diario | B7: 0.9 | C7: 0.85 | D7: =C7/B7
A8: Reporte de Gastos | B8: 1 | C8: 1 | D8: =C8/B8
A9: Base de datos clientes | B9: 0.95 | C9: 0.95 | D9: =C9/B9
A10: Inventario material POP y Muebles | B10: 0.7 | C10: 0.65 | D10: =C10/B10
A11: Seguimientos | B11: 0.3 | C11: 0.25 | D11: =C11/B11
A12: Cumplimiento de Tareas | B12: 1 | C12: 0.8 | D12: =C12/B12
A14: SCORE EJECUTIVO WANDER | D14: =AVERAGE(D7:D12)
A17: KPI | B17: META | C17: RESULTADO | D17: SCORE
A18: Cronograma diario | B18: 0.9 | C18: 0.85 | D18: =C18/B18
A19: Reporte de Gastos | B19: 0.95 | C19: 0.95 | D19: =C19/B19
A20: Base de datos clientes | B20: 0.7 | C20: 0.6 | D20: =C20/B20
A21: Inventario material POP y Muebles | B21: 1 | C21: 0.6 | D21: =C21/B21
A22: Seguimientos | B22: 1 | C22: 0.8 | D22: =C22/B22
A23: Cumplimineto de Tareas | B23: 1 | C23: 0.8 | D23: =C23/B23
A25: SCORE EJECUTIVO MAURICIO | D25: =AVERAGE(D18:D22)
A28: SCORE PAÍS GUATEMALA | D28: =AVERAGE(D14,D25)

Sheet Ecuador
A1: PAÍS | B1: ECUADOR
A2: COORDINADOR | B2: VERÓNICA MÉNDEZ
A3: MES / AÑO | B3: MAYO
A5: KPI | B5: META | C5: RESULTADO | D5: SCORE
A6: Cronograma diario | B6: 0.9 | C6: 0.8 | D6: =C6/B6
A7: Reporte de Gastos | B7: 1 | C7: 1 | D7: =C7/B7
A8: Base de datos clientes | B8: 0.95 | C8: 0.95 | D8: =C8/B8
A9: Inventario material POP y Muebles | B9: 0.7 | C9: 0.2 | D9: =C9/B9
A10: Seguimientos | B10: 0.3 | C10: 0.2 | D10: =C10/B10
A11: Cumplimiento de Tareas | B11: 1 | C11: 0.7 | D11: =C11/B11
A13: SCORE ECUADOR | D13: =AVERAGE(D6:D11)

Sheet El Salvador
A1: PAÍS | B1: EL SALVADOR
A2: COORDINADOR | B2: JORGE MANCÍA
A3: MES / AÑO | B3: MAYO
A5: KPI | B5: META | C5: RESULTADO | D5: SCORE
A6: Cronograma diario | B6: 0.9 | C6: 0.8 | D6: =C6/B6
A7: Reporte de Gastos | B7: 1 | C7: 1 | D7: =C7/B7
A8: Base de datos clientes | B8: 0.95 | C8: 0.7 | D8: =C8/B8
A9: Inventario material POP y Muebles | B9: 0.7 | C9: 0.2 | D9: =C9/B9
A10: Seguimientos | B10: 0.3 | C10: 0.2 | D10: =C10/B10
A11: Cumplimiento de Tareas | B11: 1 | C11: 0.7 | D11: =C11/B11
A13: SCORE EL SALVADOR | D13: =AVERAGE(D6:D11)

Sheet Costa Rica
A1: PAÍS | B1: COSTA RICA
A2: EJECUTIVO | B2: JOVANNA MONTES
A3: MES / AÑO | B3: MAYO
A6: KPI | B6: META | C6: RESULTADO | D6: SCORE
A7: Cronograma diario | B7: 0.9 | C7: 0.8 | D7: =C7/B7
A8: Reporte de Gastos | B8: 1 | C8: 1 | D8: =C8/B8
A9: Base de datos clientes | B9: 0.95 | C9: 0.8 | D9: =C9/B9
A10: Inventario material POP y Muebles | B10: 0.7 | C10: 0.65 | D10: =C10/B10
A11: Seguimientos | B11: 0.3 | C11: 0.25 | D11: =C11/B11
A12: Cumplimiento de Tareas | B12: 1 | C12: 0.8 | D12: =C12/B12
A14: SCORE EL COSTA RICA | D14: =AVERAGE(D7:D12)

Sheet Nicaragua
A1: PAÍS | B1: NICARAGUA
A2: COORDINADOR | B2: SABRINA
A3: EJECUTIVO | B3: ANA GAITÁN
A4: MES / AÑO | B4: MAYO/JUNIO 2026
A6: KPI | B6: META | C6: RESULTADO | D6: SCORE
A7: Cronograma diario | B7: 1 | C7: 0.2 | D7: =C7/B7
A8: Reporte de Gastos | B8: 1 | C8: 0.5 | D8: =C8/B8
A9: Base de datos clientes | B9: 1 | C9: 0.5 | D9: =C9/B9
A10: Inventario material POP y Muebles | B10: 1 | C10: 0.7 | D10: =C10/B10
A11: Seguimientos | B11: 1 | C11: 0.9 | D11: =C11/B11
A12: Cumplimineto de Tareas | B12: 1 | C12: 0.8 | D12: =C12/B12
A14: SCORE | D14: =AVERAGE(D7:D12)
